date,raw,qfq,hfq,r_raw,mom20_raw,r_qfq,mom20_qfq,r_hfq,mom20_hfq,fake
2024-01-02,1685.01,1531.22,13601.13,,,,,,,
2024-01-03,1694.0,1539.39,13673.69,0.005335279909318036,,0.005335614738574579,,0.005334850854304074,,-3.348292565430455e-07
2024-01-04,1669.0,1516.68,13471.9,-0.014757969303423879,,-0.014752596807826479,,-0.014757538016438976,,-5.37249559739994e-06
2024-01-05,1663.36,1511.55,13426.37,-0.0033792690233673817,,-0.003382387847139845,,-0.0033796272240737,,3.1188237724633083e-06
2024-01-08,1643.99,1493.95,13270.02,-0.011645103886109953,,-0.011643677020277132,,-0.011644994142124832,,-1.4268658328209227e-06
2024-01-09,1641.0,1491.23,13245.88,-0.0018187458561182979,,-0.001820676729475612,,-0.00181913817763657,,1.9308733573142334e-06
2024-01-10,1641.5,1491.69,13249.92,0.00030469226081653034,,0.0003084701890385677,,0.0003050004982683152,,-3.7779282220373744e-06
2024-01-11,1646.57,1496.29,13290.84,0.0030886384404507083,,0.0030837506452412455,,0.003088320533256139,,4.8877952094628085e-06
2024-01-12,1643.06,1493.1,13262.51,-0.0021317040878917615,,-0.0021319396641026334,,-0.002131543228268473,,2.3557621087189062e-07
2024-01-15,1640.0,1490.32,13237.81,-0.0018623787323651664,,-0.0018618980644297123,,-0.0018623925637002436,,-4.806679354540933e-07
2024-01-16,1639.43,1489.8,13233.21,-0.00034756097560972865,,-0.00034891835310535413,,-0.0003474895016623014,,1.357377495625478e-06
2024-01-17,1577.0,1433.07,12729.29,-0.038080308399870755,,-0.038078936770036265,,-0.03807995187864455,,-1.371629834490129e-06
2024-01-18,1610.87,1463.85,13002.68,0.02147748890298029,,0.0214783646297807,,0.021477238714806557,,-8.757268004089269e-07
2024-01-19,1635.0,1485.78,13197.45,0.014979483136441818,,0.014981043139665973,,0.01497921966856075,,-1.5600032241547268e-06
2024-01-22,1642.0,1492.14,13253.96,0.004281345565749328,,0.004280579897427694,,0.004281887788928795,,7.656683216339388e-07
2024-01-23,1619.0,1471.24,13068.3,-0.014007308160779552,,-0.01400672859115104,,-0.014007888962996762,,-5.795696285115781e-07
2024-01-24,1626.0,1477.6,13124.81,0.004323656578134605,,0.004322884097767821,,0.004324204372412543,,7.724803667841229e-07
2024-01-25,1638.0,1488.51,13221.67,0.007380073800737907,,0.007383595018949807,,0.007379916356884397,,-3.521218211899324e-06
2024-01-26,1637.32,1487.89,13216.18,-0.0004151404151404581,,-0.000416523906456745,,-0.0004152274258849564,,1.3834913162869e-06
2024-01-29,1650.0,1499.41,13318.53,0.007744362739110278,,0.007742507846682178,,0.007744295250216027,,1.8548924280992196e-06
2024-01-30,1613.0,1465.79,13019.87,-0.022424242424242458,-0.042735651420466314,-0.022422152713400645,-0.042730633089954506,-0.022424396686421044,-0.04273615501064976,-2.089710841812753e-06
2024-01-31,1604.91,1458.44,12954.57,-0.005015499070055718,-0.05259149940968122,-0.005014360856602895,-0.052585764491129616,-0.005015411060172004,-0.052591509680269266,-1.1382134528226118e-06
2024-02-01,1610.03,1463.09,12995.9,0.00319021004293063,-0.03533253445176754,0.003188338224404008,-0.03533375530764571,0.003190379919981945,-0.03533280383613302,1.8718185266219933e-06
2024-02-02,1596.0,1450.34,12882.65,-0.008714123339316648,-0.04049634474797992,-0.00871443315175413,-0.0404948562733618,-0.008714286813533478,-0.040496426063038715,3.0981243748229303e-07
2024-02-05,1630.01,1481.24,13157.17,0.021309523809523778,-0.008503701360713878,0.021305349090558146,-0.008507647511630245,0.02130928031111612,-0.008504131870185616,4.174718965632707e-06
2024-02-06,1676.0,1523.04,13528.4,0.02821455083097657,0.021328458257160232,0.028219599794766514,0.02133138415938518,0.028215034084077217,0.02132889623037504,-5.0489637899442386e-06
2024-02-07,1710.99,1554.83,13810.83,0.020877088305489178,0.04233323180018278,0.02087272822775499,0.04232782950881209,0.020876822092782632,0.04233308578466888,4.360077734189005e-06
2024-02-08,1706.0,1550.3,13770.55,-0.002916440189597802,0.036093211949689286,-0.002913501797624174,0.03609594396808102,-0.002916551720642424,0.036093279281068646,-2.9383919736281072e-06
2024-02-19,1695.43,1540.69,13685.23,-0.006195779601406715,0.031873455625479385,-0.006198800232213086,0.031873283772018146,-0.006195830958095283,0.03187330301730218,3.020630806371827e-06
2024-02-20,1670.0,1517.58,13479.97,-0.014999144759736516,0.018292682926829285,-0.014999772829057179,0.018291373664716337,-0.014998651831207854,0.018293056026638777,6.280693206628385e-07
2024-02-21,1717.66,1560.9,13864.67,0.02853892215568865,0.047717804358831994,0.028545447356976394,0.04772452678211847,0.028538639180947678,0.04771782507796685,-6.525201287743698e-06
2024-02-22,1718.38,1561.55,13870.48,0.0004191749240245457,0.0896512365250477,0.00041642642065475854,0.08965368055991685,0.0004190507238901464,0.08965071893247756,2.7485033697871586e-06
2024-02-23,1714.09,1557.65,13835.85,-0.002496537436422752,0.0640771756876719,-0.0024975184912425785,0.0640776035796018,-0.0024966691852047473,0.06407679032322577,9.810548198263547e-07
2024-02-26,1694.98,1540.29,13681.6,-0.011148772818230013,0.03668501529051982,-0.011144994061567215,0.036687800347292354,-0.011148574175059767,0.03668511720067125,-3.778756662797811e-06
2024-02-27,1689.5,1535.31,13637.37,-0.0032330764964778602,0.02892813641900127,-0.0032331573924391233,0.02893160159234376,-0.003232809028183792,0.028927958134776555,8.089596126303888e-08
2024-02-28,1681.55,1528.08,13573.2,-0.004705534181710602,0.03863495985176035,-0.004709146686988297,0.038634077376906495,-0.004705452737587934,0.03863547668786316,3.612505277694744e-06
2024-02-29,1695.0,1540.3,13681.76,0.007998572745383736,0.04243542435424352,0.007996963509763866,0.042433676231727224,0.007998113930392181,0.04243490000998107,1.609235619870475e-06
2024-03-01,1685.06,1531.27,13601.53,-0.005864306784660767,0.028730158730158717,-0.005862494319288425,0.028726713290471606,-0.00586401164762429,0.0287301074675137,-1.8124653723416984e-06
2024-03-04,1676.3,1523.31,13530.82,-0.005198627942031742,0.023807197127012403,-0.005198299450782762,0.023805523257767636,-0.005198679854398813,0.023807181802911304,-3.2849124897982307e-07
2024-03-05,1695.1,1540.39,13682.57,0.011215176281095252,0.02733333333333321,0.011212425573258411,0.027330750095037493,0.011215136998348862,0.027333346848338325,2.7507078368405047e-06
2024-03-06,1680.55,1527.17,13565.12,-0.008583564391481335,0.04187848729076249,-0.008582242159453135,0.041875029847386225,-0.00858391369457634,0.04187829832402312,-1.3222320282002542e-06
2024-03-07,1683.63,1529.97,13589.99,0.0018327333313499228,0.04904947941006044,0.001833456655120136,0.0490455555250815,0.0018333785473330089,0.049049871975681114,-7.233237702131134e-07
2024-03-08,1671.43,1518.88,13491.51,-0.007246247691001018,0.03813593535524196,-0.0072485081406824525,0.038131625532264124,-0.007246510115165639,0.038135873621680805,2.260449681434906e-06
2024-03-11,1694.49,1539.84,13677.65,0.013796569404641579,0.06171052631578955,0.013799641841356625,0.06170966807782996,0.01379682481797806,0.061710905753086465,-3.0724367150458676e-06
2024-03-12,1745.0,1585.74,14085.35,0.029808378922271617,0.07054557947497253,0.029808291770573536,0.0705489994869164,0.02980775206267161,0.070545565649756,8.715169808048984e-08
2024-03-13,1727.45,1569.79,13943.69,-0.01005730659025783,0.030698090692124147,-0.010058395449443203,0.030695188570228016,-0.010057258073104314,0.030697643475946945,1.0888591853719376e-06
2024-03-14,1716.63,1559.96,13856.36,-0.006263567686474292,0.00329633720828304,-0.006261984087043482,0.003299396075455263,-0.006263048016701411,0.0032966881787699354,-1.5835994308099899e-06
2024-03-15,1717.49,1560.74,13863.3,0.0005009815743637347,0.006735052754982318,0.0005000128208414445,0.006734180481197116,0.0005008530378829423,0.006735388201633219,9.687535222902e-07
2024-03-18,1708.26,1552.35,13788.8,-0.005374121537825571,0.007567401780079308,-0.005375655137947466,0.007568037697395225,-0.005373900874972026,0.007568013106100446,1.5336001218946294e-06
2024-03-19,1708.02,1552.13,13786.86,-0.0001404938358329222,0.022766467065868268,-0.00014172061712869333,0.022766509838031634,-0.00014069389649562503,0.0227663711417756,1.22678129577114e-06
2024-03-20,1709.6,1553.57,13799.61,0.0009250477160689385,-0.004692430399497072,0.0009277573399133487,-0.004696008712922084,0.0009247936078264907,-0.004692502598330872,-2.7096238444102028e-06
2024-03-21,1709.0,1553.03,13794.77,-0.0003509592887224189,-0.0054586296395442435,-0.00034758652651634137,-0.005456117319330156,-0.0003507345497445469,-0.005458354721682213,-3.3727622060775175e-06
2024-03-22,1701.35,1546.07,13733.02,-0.00447630193095383,-0.007432515212153379,-0.004481561850060878,-0.007434275992681427,-0.004476334146926719,-0.00743214186334773,5.259919107047928e-06
2024-03-25,1689.01,1534.86,13633.41,-0.007253063743497767,-0.0035221654532796576,-0.0072506419502351704,-0.0035253101688643707,-0.007253320828193743,-0.003522248859782473,-2.4217932625969496e-06
2024-03-26,1709.29,1553.29,13797.11,0.01200703370613554,0.011713524711453038,0.012007609814576048,0.011710989962939067,0.0120072674407945,0.011713402217583102,-5.761084405087047e-07
2024-03-27,1701.0,1545.76,13730.19,-0.004849966945339901,0.011566709286075394,-0.004847774723329201,0.01157007486519035,-0.004850291111689331,0.011566174520378336,-2.1922220106995738e-06
2024-03-28,1701.64,1546.34,13735.36,0.00037624926513823986,0.003917404129793578,0.0003752199565261183,0.003921314029734502,0.0003765424950419316,0.00391762463308809,1.0293086121215822e-06
2024-03-29,1702.9,1547.48,13745.53,0.0007404621424038638,0.010587160101124038,0.0007372246724524079,0.010585984183063779,0.0007404247140228026,0.010587044251639366,3.237469951455907e-06
2024-04-01,1721.33,1564.23,13894.29,0.010822714193434724,0.026862733400942584,0.010824049422286652,0.026862555881600025,0.010822427363659237,0.026862377889883993,-1.3352288519286049e-06
2024-04-02,1713.99,1557.56,13835.05,-0.004264144585872542,0.011143885316500457,-0.004264078811939465,0.011146527827368358,-0.004263621962691255,0.011144105237539392,-6.577393307782842e-08
2024-04-03,1715.11,1558.58,13844.09,0.0006534460527773955,0.02056469608163991,0.0006548704383779747,0.020567454834759635,0.0006534128897257574,0.020565243801750288,-1.4243856005791145e-06
2024-04-08,1666.66,1514.55,13453.01,-0.028248916979085825,-0.010079411747236589,-0.028250073785112018,-0.01007862899272538,-0.02824887731876924,-0.010079477615509647,1.1568060261923918e-06
2024-04-09,1662.22,1510.51,13417.17,-0.0026640106560426036,-0.005510251700639568,-0.0026674589812155647,-0.005510639418519037,-0.002664087813805227,-0.005510131927412121,3.4483251729611197e-06
2024-04-10,1647.98,1497.57,13302.23,-0.008566856372802634,-0.027447786649670403,-0.008566643054332634,-0.027450903990024922,-0.008566635139899192,-0.027447697521138514,-2.1331846999927961e-07
2024-04-11,1648.0,1497.59,13302.39,1.2136069612589395e-05,-0.05558739255014322,1.3354968382062182e-05,-0.05558918864378781,1.202805845323951e-05,-0.05558683312803736,-1.218898769472787e-06
2024-04-12,1634.03,1484.9,13189.62,-0.008476941747572853,-0.05407971287157376,-0.008473614273599495,-0.054077296963288,-0.008477423981705479,-0.05407965897119049,-3.327473973357975e-06
2024-04-15,1672.98,1520.29,13504.02,0.02383677166269904,-0.02542772758253098,0.023833254764630496,-0.025430139234339344,0.02383692631023493,-0.025428034491020712,3.51689806854516e-06
2024-04-16,1670.0,1517.58,13479.97,-0.0017812526150939867,-0.027650816016396074,-0.0017825546441797568,-0.027653548957545793,-0.0017809511538046108,-0.02765070365641653,1.302029085770151e-06
2024-04-17,1667.0,1514.86,13455.75,-0.00179640718562879,-0.024153231943615183,-0.0017923272578711513,-0.024150481528005918,-0.0017967399037237541,-0.02415366094221394,-4.079927757638657e-06
2024-04-18,1670.78,1518.29,13486.26,0.0022675464907018217,-0.021803023383801134,0.0022642356389370732,-0.021802297487968247,0.0022674321386768614,-0.021803369295111508,3.310851764748435e-06
2024-04-19,1646.64,1496.36,13291.41,-0.014448341493194738,-0.03682732802994837,-0.01444388094501059,-0.03682486144814845,-0.014448038225571835,-0.03682712772317487,-4.460548184148649e-06
2024-04-22,1675.06,1522.18,13520.81,0.017259388816013077,-0.01985956699824465,0.01725520596647878,-0.019864394119881723,0.017259267451684934,-0.01985970045169294,4.182849534295485e-06
2024-04-23,1692.28,1537.83,13659.81,0.01028022876792467,-0.005331060628324558,0.010281307072750767,-0.0053296422542317146,0.010280449174272954,-0.005330946871118014,-1.078304826096499e-06
2024-04-24,1693.6,1539.03,13670.46,0.0007800127638450949,0.002717568279642979,0.0007803203214920007,0.0027168601696572203,0.0007796594535356416,0.0027175886296970653,-3.0755764690582055e-07
2024-04-25,1693.04,1538.52,13665.94,-0.0003306565895134783,-0.00950687127403771,-0.0003313775559931065,-0.009508848959305705,-0.00033063993457416174,-0.009507063435748475,7.209664796281601e-07
2024-04-26,1709.43,1553.42,13798.24,0.009680810849123533,0.0049559082892416395,0.009684631983984726,0.004955491149984503,0.009681002550867346,0.004956231486964002,-3.821134861192732e-06
2024-04-29,1704.0,1548.48,13754.41,-0.0031764974289676395,0.001386897346089544,-0.00318008008136883,0.0013839129816211049,-0.0031764920743515557,0.001386931248980705,3.5826524011906002e-06
2024-04-30,1705.0,1549.39,13762.48,0.0005868544600939885,0.001233190439837939,0.0005876730729490465,0.0012342647400935824,0.000586720913510641,0.0012331281514790238,-8.186128550580207e-07
2024-05-06,1760.2,1599.55,14208.05,0.03237536656891504,0.02258137602900101,0.03237403107029202,0.02257979964583212,0.03237570554144309,0.022581938335819896,1.335498623022957e-06
2024-05-07,1770.0,1608.46,14287.15,0.005567549142142969,0.03267813697862887,0.005570316651558382,0.03267931893474407,0.005567266444022945,0.032677872504978334,-2.7675094154133717e-06
2024-05-08,1763.97,1602.98,14238.48,-0.003406779661016879,0.028487968701716104,-0.003406985563831233,0.028487469363138285,-0.0034065576409570975,0.028487968512195483,2.0590281435417523e-07
2024-05-09,1756.0,1595.74,14174.14,-0.004518217430001692,0.05360421441685759,-0.00451658785511988,0.05360668185269546,-0.00451874076446368,0.05360361733173469,-1.6295748818118128e-06
2024-05-10,1738.98,1580.27,14036.76,-0.00969248291571756,0.04617920612193327,-0.009694561770714594,0.04618307723881343,-0.009692298792025378,0.04617888869262288,2.0788549970340853e-06
2024-05-13,1706.0,1550.3,13770.55,-0.01896514048465192,0.03520673794584894,-0.018965113556544178,0.03521037413943917,-0.018965202796086933,0.035206127092976214,-2.692810774362897e-08
2024-05-14,1701.98,1546.65,13738.1,-0.002356389214536958,0.032754854368931996,-0.0023543830226406826,0.03275929994190685,-0.0023564781363125675,0.03275426445924379,-2.0061918962754888e-06
2024-05-15,1700.0,1544.85,13722.12,-0.0011633509206924186,0.04037257577890241,-0.0011638056444575051,0.04037308909690873,-0.001163188504960666,0.040372656680025765,4.547237650864844e-07
2024-05-16,1704.5,1548.94,13758.45,0.0026470588235294468,0.018840631687168985,0.002647506230378349,0.01884508876595925,0.0026475500870128954,0.018841056218814822,-4.474068489024319e-07
2024-05-17,1715.0,1558.48,13843.2,0.006160164271047153,0.026946107784431073,0.006159050705643931,0.02695080325254695,0.00615985085529247,0.026945905665962222,1.1135654032212727e-06
2024-05-20,1709.0,1553.03,13794.77,-0.0034985422740524408,0.02519496100779839,-0.00349699707407225,0.025197047912018267,-0.0034984685621821665,0.025195176783159745,-1.545199980190759e-06
2024-05-21,1705.0,1549.39,13762.48,-0.002340550029256927,0.020481451777014437,-0.002343805335376592,0.020483570332413548,-0.0023407421798261607,0.020481586444277333,3.255306119664958e-06
2024-05-22,1697.71,1542.77,13703.64,-0.0042756598240468735,0.031014672302385415,-0.004272649236151116,0.031015263706594798,-0.004275392225819741,0.03101476818486515,-3.0105878957575882e-06
2024-05-23,1692.01,1537.59,13657.63,-0.0033574638778118837,0.010119040511981758,-0.0033575970494630347,0.010123638465884266,-0.0033575020943340528,0.010119216230388473,1.3317165115100948e-07
2024-05-24,1677.08,1524.02,13537.12,-0.008823824918292478,-0.00898196515942995,-0.008825499645549129,-0.00898018636650344,-0.008823639240483017,-0.008981823319650806,1.6747272566508542e-06
2024-05-27,1670.12,1517.69,13480.94,-0.0041500703603882805,-0.01386395843174304,-0.004153488799359506,-0.01386587655861149,-0.004150070325150468,-0.013863469115157678,3.4184389712255125e-06
2024-05-28,1664.64,1512.71,13436.7,-0.0032812013508010107,-0.016774559372489617,-0.003281302505781847,-0.016775862517224294,-0.0032816702692838318,-0.01677455045170695,1.0115498083607122e-07
2024-05-29,1674.0,1521.22,13512.25,0.005622837370242051,-0.020726206981274475,0.005625665196898222,-0.02072845721054195,0.005622660325824036,-0.020726556430385346,-2.827826656170984e-06
2024-05-30,1649.0,1498.5,13310.46,-0.014934289127837563,-0.03227699530516437,-0.014935380812768684,-0.03227681339119659,-0.014933856315565541,-0.03227692063854437,1.0916849311204402e-06
2024-05-31,1648.45,1498.0,13306.02,-0.00033353547604608735,-0.03316715542521986,-0.0003336670003336595,-0.03316789188003022,-0.000333572243183089,-0.03316698734530399,1.3152428757212675e-07
2024-06-03,1639.39,1489.77,13232.89,-0.005496072067699975,-0.06863424610839675,-0.0054939919893191025,-0.06863180269450786,-0.005496008573563027,-0.06863433053796963,-2.080078380872763e-06
2024-06-04,1653.2,1502.32,13344.36,0.00842386497416725,-0.06598870056497175,0.008424119159333276,-0.06598858535493579,0.008423707897519117,-0.06598866813885196,-2.541851660264882e-07
2024-06-05,1644.0,1493.96,13270.1,-0.005564964916525583,-0.06801136073742753,-0.005564726556259614,-0.06801082982944262,-0.005564897829494986,-0.06801147313477274,-2.383602659694617e-07
2024-06-06,1639.81,1490.15,13236.28,-0.002548661800486629,-0.06616742596810932,-0.0025502690835095265,-0.06616992743178707,-0.002548586672293296,-0.06616697732631394,1.6072830228974766e-06
2024-06-07,1619.18,1471.4,13069.76,-0.012580725815795613,-0.06889095906795939,-0.012582625910143252,-0.06889329038708569,-0.012580573998132394,-0.06889054169195741,1.9000943476399357e-06
2024-06-11,1569.0,1425.8,12664.71,-0.03099099544213746,-0.08030480656506445,-0.03099089302704916,-0.08030703734761013,-0.030991387753103394,-0.08030470823605451,-1.0241508829889057e-07
2024-06-12,1571.68,1428.24,12686.34,0.0017080943275973315,-0.07655789139707869,0.0017113199607239338,-0.07655901464455439,0.0017078954038427518,-0.07655789374076472,-3.2256331266022897e-06
2024-06-13,1555.01,1413.09,12551.79,-0.010606484780616987,-0.08528823529411766,-0.010607460930936008,-0.08528983396446255,-0.010605895790275155,-0.08528784182036009,9.761503190208742e-07
2024-06-14,1555.0,1413.08,12551.71,-6.430826811398838e-06,-0.08770900557348194,-7.076690090479509e-06,-0.08771159631748171,-6.3735929298758265e-06,-0.08770900791877001,6.458632790806718e-07
2024-06-17,1541.5,1400.81,12442.74,-0.008681672025723453,-0.10116618075801753,-0.008683160189090433,-0.10116908782916689,-0.008681685602997424,-0.10116591539528441,1.4881633669805439e-06
2024-06-18,1521.5,1382.64,12281.3,-0.012974375608173827,-0.109713282621416,-0.012971066739957515,-0.10971455799308438,-0.0129746342043634,-0.10971331888824543,-3.308868216311822e-06
2024-06-19,1501.0,1392.26,12366.79,-0.013473545842918155,-0.11964809384164221,0.006957704102297013,-0.10141410490580172,0.006960989471798795,-0.10141268143532256,-0.02043124994521517
2024-06-20,1500.1,1391.43,12359.37,-0.0005996002664890865,-0.11639797138498342,-0.0005961530173961282,-0.09809628136403992,-0.0005999940162322304,-0.09809583439144631,-3.4472490929582378e-06
2024-06-21,1471.0,1364.44,12119.62,-0.019398706752883133,-0.1306197953912802,-0.0193973106803792,-0.11261129429821981,-0.01939823793607598,-0.112611778178205,-1.3960725039341426e-06
2024-06-24,1476.55,1369.58,12165.34,0.003772943575798715,-0.11957092088630239,0.0037671132479257796,-0.10133725279195815,0.0037723955041493173,-0.10133470043849802,5.83032787293547e-06
2024-06-25,1486.65,1378.95,12248.56,0.006840269547255584,-0.10985438172107387,0.006841513456680159,-0.09141524290204195,0.006840745922432001,-0.09141647392540886,-1.2439094245753068e-06
2024-06-26,1489.22,1381.34,12269.73,0.0017287189318264673,-0.10538014225297965,0.0017332027992311705,-0.08684414064824064,0.001728366436544393,-0.0868494496416532,-4.48386740470319e-06
2024-06-27,1490.49,1382.51,12280.2,0.0008527954231074553,-0.10962365591397849,0.0008470036341523546,-0.09118339227725114,0.000853319510698336,-0.09118022535107029,5.791788955100685e-06
2024-06-28,1467.39,1361.09,12089.87,-0.01549825896181789,-0.11013341419041833,-0.015493558816934483,-0.09169836503169837,-0.015498933242129587,-0.0917015640330987,-4.700144883407198e-06
2024-07-01,1440.38,1336.03,11867.34,-0.018406831176442484,-0.12622160211107403,-0.018411714140872393,-0.10812416555407212,-0.01840631867836462,-0.1081224889185497,4.882964429908654e-06
2024-07-02,1490.7,1382.71,12281.93,0.03493522542662353,-0.0906983695154906,0.03493933519456904,-0.07186344200782668,0.03493537726230134,-0.07186336469206644,-4.109767945514875e-06
2024-07-03,1500.0,1391.33,12358.55,0.006238679814852155,-0.09266876360996856,0.006234134417195225,-0.07387906704297353,0.006238433210415506,-0.07387465565976947,4.5453976569298504e-06
2024-07-04,1485.74,1378.11,12241.06,-0.009506666666666663,-0.09626520681265205,-0.00950169981240978,-0.07754558354976049,-0.009506778707858099,-0.07754576077045394,-4.966854256882591e-06
2024-07-05,1453.0,1347.74,11971.31,-0.022036157066512296,-0.11392173483513335,-0.02203742807177944,-0.09556756031272029,-0.02203649030394428,-0.09556839232775383,1.2710052671449645e-06
2024-07-08,1420.0,1317.13,11699.43,-0.0227116311080523,-0.12301288306426716,-0.022712095804828802,-0.1048457251597118,-0.022710964798338673,-0.10484737286683155,4.6469677650318175e-07
2024-07-09,1438.03,1333.85,11847.98,0.01269718309859158,-0.0834735500318674,0.012694267080697985,-0.06449011081498113,0.012697199778108681,-0.06448864600926507,2.9160178935949688e-06
2024-07-10,1437.59,1333.45,11844.35,-0.00030597414518473975,-0.0853163493840986,-0.00029988379502932094,-0.06636839746821255,-0.00030638134095428704,-0.06636981193945612,-6.090350155418811e-06
2024-07-11,1462.09,1356.17,12046.21,0.017042411257729873,-0.05975524273155808,0.01703850913045102,-0.04028051999518778,0.017042725012347493,-0.04027951391793538,3.902127278854195e-06
2024-07-12,1478.82,1371.69,12184.05,0.011442524058026482,-0.04899035369774929,0.011443993009725872,-0.029290627565318195,0.01144260310919365,-0.0292916263999089,-1.4689516993904306e-06
2024-07-15,1474.9,1368.05,12151.75,-0.002650762094101977,-0.043204670775218834,-0.0026536608125743433,-0.023386469257072662,-0.0026510068491182315,-0.023386328091722586,2.898718472366113e-06
2024-07-16,1476.0,1369.07,12160.81,0.0007458132754762925,-0.02990469930989159,0.0007455867841088537,-0.009814557657814138,0.0007455716254860523,-0.009810850642847257,2.2649136743879694e-07
2024-07-17,1501.4,1392.63,12370.08,0.017208672086720833,0.00026648900732850755,0.017208762152410184,0.0002657549595621589,0.017208557653643153,0.00026603508266886955,-9.006568935099324e-08
2024-07-18,1497.51,1389.03,12338.03,-0.002590915145863959,-0.001726551563229095,-0.0025850369444864185,-0.0017248442250059615,-0.002590929080490967,-0.0017266252244249047,-5.878201377540471e-06
2024-07-19,1525.62,1415.1,12569.63,0.018771160125808706,0.037131203263086165,0.01876849312109896,0.03712878543578313,0.018771230091027435,0.03713070211772296,2.6670047097443472e-06
2024-07-22,1499.0,1390.41,12350.31,-0.017448643830049404,0.015204361518404319,-0.017447530209878992,0.01520904218811614,-0.017448405402545664,0.015204671632687461,-1.1136201704120552e-06
2024-07-23,1455.0,1349.59,11987.79,-0.029352901934623032,-0.02128947633942091,-0.029358246848052105,-0.02129156242068253,-0.029353109355149676,-0.021289849582318165,5.3449134290728395e-06
2024-07-24,1440.02,1335.7,11864.37,-0.0102955326460481,-0.033037428989672435,-0.010292014611845035,-0.03304038107924179,-0.010295475646470265,-0.03303740180101755,-3.518034203064957e-06
2024-07-25,1430.49,1326.86,11785.85,-0.006617963639393931,-0.040255218082643984,-0.00661825260163218,-0.040252873396937505,-0.006618134801932185,-0.04025585902509732,2.889622382484802e-07
2024-07-26,1422.19,1319.16,11717.47,-0.0058022076351459395,-0.03080299034339884,-0.00580317441176903,-0.03080619209604052,-0.005801872584497603,-0.03080264717486636,9.66776623090304e-07
2024-07-29,1398.02,1296.74,11518.33,-0.016994916291072304,-0.029408905983143385,-0.01699566390733498,-0.029408022274948875,-0.016995136322089932,-0.029409286327011785,7.476162626751659e-07
2024-07-30,1379.99,1280.02,11369.78,-0.012896811204417657,-0.07426712282820158,-0.01289387232598671,-0.07426719991899966,-0.012896834871027218,-0.07426764360324478,-2.9388784309469784e-06
2024-07-31,1421.28,1318.32,11709.97,0.029920506670338076,-0.05247999999999997,0.02992140747800809,-0.052474969992740705,0.029920543757222973,-0.052480266697954026,-9.008076700123269e-07
2024-08-01,1386.16,1285.74,11420.62,-0.024710120454801254,-0.06702383997200045,-0.024713271436373474,-0.06702657988114147,-0.024709713176037096,-0.06702360743268954,3.150981572219713e-06
2024-08-02,1385.45,1285.08,11414.77,-0.0005122063831015655,-0.0464900206469373,-0.0005133230668720179,-0.04649264694970845,-0.0005122313849861282,-0.04648948193639624,1.1166837704523758e-06
2024-08-05,1410.01,1307.86,11617.12,0.01772709228048641,-0.0070352112676056455,0.01772652286238996,-0.007038029655387246,0.01772703260775299,-0.007035385484591927,5.694180964521678e-07
2024-08-06,1404.7,1302.94,11573.37,-0.003765930738079848,-0.023177541497743426,-0.003761870536601708,-0.023173520260898806,-0.0037659936369771607,-0.02317779064448111,-4.060201478139902e-06
2024-08-07,1415.5,1312.96,11662.35,0.007688474407346657,-0.015365994476867484,0.007690300397562355,-0.01536615546139708,0.007688339697080382,-0.01536597618273694,-1.82599021569807e-06
2024-08-08,1430.69,1327.05,11787.5,0.010731190392087697,-0.02147610612205808,0.010731476968071973,-0.021472234306908478,0.010731113369089496,-0.02147646438174322,-2.865759842762827e-07
2024-08-09,1436.8,1332.71,11837.84,0.004270666601430051,-0.028414546733206203,0.004265099280358786,-0.02841749958080908,0.004270625662778471,-0.028415017994837477,5.567321071264786e-06
2024-08-12,1436.1,1332.06,11832.07,-0.00048719376391981317,-0.026306868262255145,-0.00048772801284602263,-0.026307518000073138,-0.00048742000229773375,-0.02630732199065977,5.342489262094574e-07
2024-08-13,1423.01,1319.92,11724.23,-0.009114964138987491,-0.035901084010840134,-0.009113703586925426,-0.03590028267363965,-0.009114212475078376,-0.035900569123273884,-1.2605520620656563e-06
2024-08-14,1413.3,1310.92,11644.22,-0.006823564135178262,-0.058678566671107046,-0.0068185950663676165,-0.05867315798166062,-0.006824328761888876,-0.058678682757104306,-4.969068810645183e-06
2024-08-15,1426.89,1323.52,11756.19,0.009615792825302671,-0.047158282749363845,0.009611570500106748,-0.04716240829931684,0.00961592962001756,-0.047158257841811047,4.222325195923915e-06
2024-08-16,1431.2,1327.52,11791.7,0.0030205551934625596,-0.06188959242799641,0.0030222437137330527,-0.06188961910819024,0.003020536415284214,-0.06188964989422907,-1.6885202704930435e-06
2024-08-19,1425.44,1322.18,11744.25,-0.004024594745667964,-0.049072715143428924,-0.004022538266843401,-0.04907185650275814,-0.004024016893238502,-0.04907245243236802,-2.0564788245636123e-06
2024-08-20,1422.72,1319.65,11721.84,-0.0019081827365585724,-0.02218556701030927,-0.001913506481719618,-0.022184515297238305,-0.0019081678268088043,-0.02218507331209507,5.323745161045501e-06
2024-08-21,1417.58,1314.89,11679.49,-0.003612798020692809,-0.015583116901154215,-0.003607017012086544,-0.0155798457737516,-0.003612914013499613,-0.015582791163795573,-5.781008606264848e-06
2024-08-22,1410.05,1307.9,11617.45,-0.005311869524118551,-0.014288810127998097,-0.005316034040870332,-0.014289374915213204,-0.005311875775397601,-0.014288320316311443,4.1645167517812e-06
2024-08-23,1414.99,1312.48,11658.15,0.0035034218644729442,-0.005062614699864354,0.003501796773453636,-0.005063828496922329,0.0035033505631614226,-0.005062526296205516,1.6250910193083001e-06
2024-08-26,1412.0,1309.71,11633.51,-0.002113089138439106,0.009999856940530183,-0.002110508350603446,0.0100020050279932,-0.0021135428863069405,0.009999713500134177,-2.580787835659848e-06
2024-08-27,1404.07,1302.35,11568.18,-0.005616147308781905,0.017449401807259513,-0.005619564636446306,0.017445039921251126,-0.005615674031311246,0.017449765958532204,3.4173276644011708e-06
2024-08-28,1389.0,1288.38,11444.02,-0.010733083108391939,-0.022711921648091882,-0.010726763158904862,-0.022710722738030098,-0.010732889702615211,-0.022711415998503792,-6.319949487076926e-06
2024-08-29,1413.3,1310.92,11644.22,0.01749460043196538,0.019579269348415584,0.017494838479330532,0.01958405276338926,0.01749385268463355,0.019578621826135345,-2.3804736515309344e-07
2024-08-30,1443.19,1338.64,11890.49,0.021149083704804506,0.04167598975062248,0.021145455100235022,0.04167833909172991,0.02114954887489251,0.04167582877272169,3.628604569483329e-06
2024-09-02,1395.0,1293.94,11493.45,-0.03339130675794599,-0.010645314572237052,-0.033392099444212064,-0.010643341030385445,-0.03339139093510857,-0.010645495613370581,7.926862660712075e-07
2024-09-03,1410.0,1307.85,11617.04,0.010752688172043001,0.0037730476258275303,0.010750112060837314,0.0037684006938154546,0.010753081102715,0.0037733175384524476,2.576111205687681e-06
2024-09-04,1400.0,1298.58,11534.65,-0.007092198581560294,-0.010950194277640435,-0.007087968803761835,-0.010952351937606686,-0.0070921680565790846,-0.01094976569902295,-4.229777798459011e-06
2024-09-05,1404.88,1303.11,11574.85,0.003485714285714314,-0.018040246314715236,0.0034884258189715744,-0.018040013563920043,0.0034851512616334013,-0.01804029692470832,-2.711533257260257e-06
2024-09-06,1398.0,1296.72,11518.17,-0.004897215420534229,-0.027004454342984374,-0.004903653567235211,-0.0270051248958888,-0.0048968237169380036,-0.027004081825738435,6.438146700982195e-06
2024-09-09,1375.0,1275.39,11328.67,-0.01645207439198859,-0.04254578371979656,-0.016449194891726804,-0.04254312868789678,-0.0164522662888289,-0.04254538723993351,-2.8795002617876264e-06
2024-09-10,1378.0,1278.17,11353.39,0.0021818181818182847,-0.03163013611991483,0.0021797254173232528,-0.03163070489120556,0.0021820743299962864,-0.03163022219796097,2.092764495031929e-06
2024-09-11,1380.0,1280.03,11369.86,0.0014513788098693414,-0.023561876459350373,0.0014552054890977217,-0.023563604186373044,0.001450668038357028,-0.02356190453289264,-3.826679228380314e-06
2024-09-12,1335.06,1238.34,10999.6,-0.03256521739130436,-0.0643567478922693,-0.03256954915119181,-0.06435867988394584,-0.032565044776276975,-0.06435673462235636,4.3317598874548224e-06
2024-09-13,1304.13,1209.65,10744.77,-0.023167498089973315,-0.08878563443264387,-0.023168112150136366,-0.08878962275521263,-0.023167206080221048,-0.08878533205559846,6.140601630511e-07
2024-09-18,1266.9,1175.12,10438.03,-0.028547767477168695,-0.11122179818161404,-0.028545447030132842,-0.11122540047497331,-0.028547842345624908,-0.11122208740447448,-2.3204470358528795e-06
2024-09-19,1261.0,1169.65,10389.42,-0.00465703686163077,-0.11366959064327486,-0.004654843760637073,-0.11366650248171861,-0.004657009033313786,-0.11366986752932984,-2.1931009936970725e-06
2024-09-20,1263.92,1172.36,10413.48,0.0023156225218081694,-0.1083959988148816,0.002316932415679762,-0.10839690012092285,0.0023158174373545393,-0.10839600016781559,-1.3098938715927488e-06
2024-09-23,1261.54,1170.15,10393.87,-0.0018830305715552553,-0.105322506294103,-0.001885086492203647,-0.10532150776053217,-0.0018831360889922655,-0.10532259661113241,2.0559206483916626e-06
2024-09-24,1372.6,1273.16,11308.9,0.08803525849358707,-0.029957808889108817,0.08803144895953507,-0.029958551749359907,0.088035544027393,-0.029957583321538972,3.809534051990582e-06
2024-09-25,1399.0,1297.65,11526.41,0.01923357132449377,-0.009206798866855492,0.019235602752207148,-0.00920814531461156,0.019233524038589023,-0.00920616391785456,-2.0314277133781644e-06
2024-09-26,1529.0,1418.23,12597.48,0.09292351679771271,0.08897704530400907,0.09292182021346274,0.08897761738395982,0.09292312176991802,0.0889768312733723,1.6965842499772066e-06
2024-09-27,1629.2,1511.18,13423.03,0.06553302812295625,0.172930165586753,0.06553944000620504,0.1729303466368617,0.06553294785941333,0.17292961738969348,-6.4118832487913835e-06
2024-09-30,1748.0,1621.37,14401.83,0.07291922415909635,0.23682162315148947,0.07291652880530441,0.23681841759985334,0.07291945261241306,0.2368222173748007,2.695353791937194e-06
2024-10-08,1723.0,1598.18,14195.85,-0.014302059496567487,0.19388299530900288,-0.01430271930527871,0.19388334428972676,-0.014302349076471543,0.19388267430526418,6.598087112230644e-07
2024-10-09,1595.15,1479.59,13142.49,-0.07420197330237954,0.14347670250896072,-0.07420315609005257,0.1434765135941387,-0.07420196747641039,0.14347650183365301,1.1827876730263753e-06
2024-10-10,1640.0,1521.19,13512.01,0.028116478074162288,0.16312056737588643,0.028115896971458332,0.16312268226478577,0.02811643760048521,0.16311986530131595,5.811027039559491e-07
2024-10-11,1604.99,1488.72,13223.56,-0.021347560975609747,0.14642142857142848,-0.02134513111445646,0.14642147576583664,-0.021347675142336375,0.1464205675941619,-2.429861153285806e-06
2024-10-14,1601.99,1485.94,13198.85,-0.0018691705244269219,0.14030379818916905,-0.0018673760008597329,0.14030281403718803,-0.0018686344675714617,0.1403041940068337,-1.7945235671890103e-06
2024-10-15,1554.25,1441.65,12805.52,-0.029800435708088102,0.1117668097281832,-0.029806048696447984,0.11176661114195818,-0.0298003235130333,0.11176688658007317,5.6129883598821095e-06
2024-10-16,1522.5,1412.2,12543.93,-0.020427859096027068,0.10727272727272719,-0.020427981826379504,0.10726914904460583,-0.020427909214151385,0.10727296319868085,1.2273035243648422e-07
2024-10-17,1494.6,1386.33,12314.06,-0.0183251231527094,0.08461538461538454,-0.018318934995043223,0.08462098155957332,-0.01832519792441445,0.08461525588392549,-6.188157666175975e-06
2024-10-18,1541.0,1429.36,12696.35,0.03104509567777347,0.1166666666666667,0.03103878585906683,0.11666132825011899,0.03104500059281845,0.11666722369492666,6.309818706640158e-06
2024-10-21,1528.8,1418.05,12595.83,-0.007916937053861206,0.14511707338996005,-0.007912632227010663,0.1451216951725698,-0.007917236056031896,0.14511709516709703,-4.304826850543009e-06
2024-10-22,1543.0,1431.22,12712.83,0.009288330716902271,0.18316425509726786,0.009287401713620858,0.18316868515686346,0.00928878843236225,0.1831644604770506,9.290032814135429e-07
2024-10-23,1567.5,1453.94,12914.68,0.015878159429682404,0.23727208145867862,0.01587456854990843,0.237269385254272,0.015877660599567633,0.23727178404354077,3.590879773973654e-06
2024-10-24,1552.2,1439.75,12788.63,-0.009760765550239192,0.23092783505154646,-0.009759687469909406,0.23092378061813346,-0.009760210860818908,0.23092819425915967,-1.0780803297860686e-06
2024-10-25,1558.85,1445.92,12843.42,0.004284241721427495,0.23334546490284191,0.004285466226775503,0.2333412944829234,0.004284274390611076,0.23334562509362877,-1.224505348007554e-06
2024-10-28,1565.0,1451.63,12894.09,0.003945216024633602,0.24054726762528333,0.003949042823945925,0.24055035679186432,0.003945210855052617,0.2405475535099053,-3.826799312323104e-06
2024-10-29,1531.62,1420.66,12619.07,-0.021329073482428185,0.11585312545534032,-0.021334637614268126,0.11585346696408938,-0.021329151572542226,0.11585300073393512,5.564131839941311e-06
2024-10-30,1532.0,1421.02,12622.2,0.0002481033154437817,0.0950679056468906,0.0002534033477397113,0.09507186067121332,0.00024803729593392276,0.09506776177491516,-5.300032295929569e-06
2024-10-31,1527.79,1417.11,12587.51,-0.0027480417754569553,-0.0007913669064748552,-0.0027515446650997477,-0.000789716759623027,-0.00274833230340199,-0.000791428126895144,3.5028896427924394e-06
2024-11-01,1533.75,1422.64,12636.62,0.003901059700613274,-0.05858703658237174,0.003902308218839856,-0.05858997604520966,0.0039014864734963073,-0.05858662313948493,-1.2485182265820072e-06
2024-11-04,1548.2,1436.04,12755.67,0.009421352893235646,-0.11430205949656747,0.009419108136984766,-0.11430456959238167,0.009421031889856657,-0.11430214076961054,2.2447562508798313e-06
2024-11-05,1576.99,1462.75,12992.87,0.018595788657796097,-0.08474172954149739,0.01859976045235512,-0.08474014191142432,0.01859565197280899,-0.08474166745915179,-3.971794559021191e-06
2024-11-06,1571.0,1457.19,12943.52,-0.0037983753860202363,-0.015139642039933565,-0.0038010596479234326,-0.015139329138477486,-0.003798237033080465,-0.015139444656225631,2.684261903196372e-06
2024-11-07,1649.14,1529.67,13587.32,0.04973901973265438,0.0055731707317074886,0.04973956724929485,0.005574583056685789,0.04973917450585308,0.005573560114298326,-5.47516640470036e-07
2024-11-08,1609.97,1493.34,13264.59,-0.02375177365172154,0.003102823070548766,-0.02375022063582355,0.0031033370949540284,-0.023752292578668954,0.0031027953138187403,-1.5530158979926156e-06
2024-11-11,1598.01,1482.24,13166.06,-0.007428709851736381,-0.0024844100150438475,-0.007433002531238686,-0.0024900063259620797,-0.007428047154114825,-0.002484307344958192,4.292679502304608e-06
2024-11-12,1577.2,1462.94,12994.6,-0.013022446668043308,0.014765964291458822,-0.01302083333333326,0.014767800783824114,-0.013022878522504056,0.014765507374944642,-1.6133347100488749e-06
2024-11-13,1578.5,1464.15,13005.31,0.0008242454983515834,0.0367816091954023,0.0008271015899490308,0.03678657413964026,0.0008241885090729539,0.03678113637432601,-2.8560915974473744e-06
2024-11-14,1573.8,1459.79,12966.59,-0.0029775102945834853,0.052990766760337316,-0.002977836970255887,0.05298882661415405,-0.0029772454482053234,0.05299064646428553,3.266756724018549e-07
2024-11-15,1559.0,1446.06,12844.65,-0.00940399034184769,0.011680726800778807,-0.009405462429527556,0.01168355068002458,-0.009404168713593952,0.011680522354849954,1.47208767986573e-06
2024-11-18,1559.0,1446.06,12844.65,0.0,0.019754055468341303,0.0,0.019752476993053936,0.0,0.019754156732823436,0.0
2024-11-19,1541.92,1430.22,12703.93,-0.010955740859525331,-0.0006999351911859408,-0.010953902327704212,-0.0006987046016685428,-0.010955534016107826,-0.0007000801552446978,-1.8385318211189272e-06
2024-11-20,1544.81,1432.9,12727.74,0.0018742866037146921,-0.014475279106858085,0.0018738375914195693,-0.014471023563558338,0.0018742231734589776,-0.01447500054201889,4.4901229512284146e-07
2024-11-21,1545.13,1433.2,12730.38,0.00020714521526921104,-0.0045548254090966855,0.00020936562216489207,-0.004549400937662762,0.00020742095611625544,-0.0045548272176143545,-2.2204068956810374e-06
2024-11-22,1507.82,1398.59,12422.98,-0.024146835541346112,-0.032735670526349514,-0.024148758024002293,-0.03273348456346148,-0.02414696183460352,-0.03273582893030058,1.9224826561803354e-06
2024-11-25,1498.57,1390.01,12346.77,-0.006134684511413857,-0.042447284345047964,-0.0061347499982123965,-0.04244883338040695,-0.006134598944858571,-0.04244735378766551,6.548679853946027e-08
2024-11-26,1509.0,1399.68,12432.7,0.006959968503306602,-0.014768676303521744,0.0069567844835649595,-0.014767783987724048,0.00695971496998804,-0.014768917202297671,3.1840197416421745e-06
2024-11-27,1519.05,1409.0,12515.5,0.006660039761431369,-0.008453002610966043,0.006658664837677186,-0.008458712755626263,0.006659856668302044,-0.008453359953098594,1.3749237541826886e-06
2024-11-28,1518.0,1408.03,12506.85,-0.0006912214871136468,-0.006407948736410041,-0.0006884315117104967,-0.006407406623339051,-0.0006911429827014537,-0.006407939298558651,-2.78997540315018e-06
2024-11-29,1525.74,1415.21,12570.62,0.00509881422924896,-0.005222493887530599,0.005099323167830239,-0.005222684586402737,0.00509880585439193,-0.0052229156214240735,-5.089385812784286e-07
2024-12-02,1525.0,1414.52,12564.52,-0.00048501055225658174,-0.01498514403823803,-0.00048756015008377673,-0.014985654995682607,-0.0004852584836706475,-0.014985492725979821,2.5495978271949937e-06
2024-12-03,1526.74,1416.14,12578.86,0.0011409836065574552,-0.03186450136018615,0.0011452648248169162,-0.031864638523329325,0.0011413090193657105,-0.03186439947448105,-4.281218259460928e-06
2024-12-04,1520.0,1409.89,12523.33,-0.004414635104863951,-0.03246339910884788,-0.004413405454262942,-0.03245973414585601,-0.004414549490176389,-0.03246334845544341,-1.2296506010089914e-06
2024-12-05,1511.0,1401.54,12449.18,-0.005921052631578938,-0.0837648713875111,-0.0059224478505416345,-0.08376316460413036,-0.005920949140524101,-0.08376486312238174,1.395218962696454e-06
2024-12-06,1521.01,1410.82,12531.65,0.006624751819986674,-0.05525568799418623,0.0066212880117584305,-0.05525868188088445,0.0066245327001457355,-0.055255382940596065,3.463808228243437e-06
2024-12-09,1518.8,1408.77,12513.44,-0.0014529819001847244,-0.04956790007571921,-0.00145305566975229,-0.04956687176165808,-0.0014531206983916523,-0.04956835985860608,7.376956756566244e-08
2024-12-10,1546.59,1434.55,12742.4,0.018297340005267282,-0.01940781131118441,0.018299651469011913,-0.019406127387316063,0.018297126929125662,-0.019408061810290533,-2.3114637446308706e-06
2024-12-11,1535.6,1424.36,12651.86,-0.007105955683148091,-0.027177700348432143,-0.007103272803318128,-0.027176177304238047,-0.007105411853339905,-0.02717736063192644,-2.6828798299627366e-06
2024-12-12,1565.8,1452.37,12900.68,0.01966657983849962,-0.005083238022620451,0.019664972338453657,-0.005082922886168628,0.01966667351677942,-0.005083063473125926,1.6075000459636613e-06
2024-12-13,1519.0,1408.96,12515.09,-0.0298888746966407,-0.02565747273893526,-0.029889077852062407,-0.025655920224610274,-0.02988912212379502,-0.025657374860350357,2.0315542170745715e-07
2024-12-16,1527.2,1416.56,12582.65,0.005398288347597147,-0.020397690827453463,0.005394049511696419,-0.02040026001687345,0.005398283192529885,-0.020397597443293503,4.238835900727267e-06
2024-12-17,1558.0,1445.13,12836.41,0.020167627029858526,0.010428556604752393,0.020168577398768983,0.010424969585098864,0.02016745280207277,0.010428269047452199,-9.503689104572999e-07
2024-12-18,1571.5,1457.66,12947.64,0.008664955070603275,0.017277205611045954,0.008670500231813039,0.01727964268267157,0.008665195331093223,0.01727722282196198,-5.5451612097634495e-06
2024-12-19,1551.01,1438.65,12778.82,-0.013038498250079522,0.003805505038410928,-0.01304144999519774,0.0038026793190064634,-0.013038669595385688,0.0038050710190897785,2.951745118218163e-06
2024-12-20,1522.0,1433.82,12735.91,-0.018703941302763982,0.00940430555371341,-0.003357314148681123,0.025189655295690727,-0.0033579000251979796,0.025189608290442367,-0.01534662715408286
2024-12-23,1526.45,1438.01,12773.15,0.002923784494086812,0.01860440286406373,0.0029222636035206584,0.03453212566816055,0.002924015637673305,0.034533728254434015,1.5208905661534544e-06
2024-12-24,1538.82,1449.66,12876.66,0.008103770185724946,0.01976143141153086,0.008101473564161576,0.03570816186556924,0.008103717563795909,0.0357090575659349,2.2966215633690723e-06
2024-12-25,1530.0,1441.35,12802.85,-0.005731664522166335,0.007208452651328079,-0.005732378626712609,0.02295954577714676,-0.005732076485672533,0.022959530182573573,7.141045462732976e-07
2024-12-26,1527.79,1439.27,12784.36,-0.0014444444444444704,0.006449275362318874,-0.001443091546119879,0.02218702726504418,-0.0014442096876866595,0.02218864062493764,-1.3528983245914006e-06
2024-12-27,1528.97,1440.38,12794.24,0.000772357457504036,0.0021170055186336967,0.0007712243012083508,0.01778534634435891,0.000772819288568094,0.017789098707939432,1.1331562956851116e-06
2024-12-30,1525.0,1436.64,12761.01,-0.0025965192253608604,0.0,-0.0025965370249517727,0.015637813533919687,-0.002597262518133081,0.015638480419466916,1.7799590912304097e-08
2024-12-31,1524.0,1435.7,12752.65,-0.0006557377049180024,-0.0017946736182977707,-0.0006543044882504345,0.013812193709661358,-0.000655120558639255,0.013816037383355795,-1.4332166675679048e-06
