代码,简称,公告标题,公告时间,公告链接
600519,贵州茅台,贵州茅台关于实施2024年中期权益分派后调整回购股份价格上限的公告,2024-12-28,http://www.cninfo.com.cn/new/disclosure/detail?stockCode=600519&announcementId=1222168020&orgId=gssh0600519&announcementTime=2024-12-28
600519,贵州茅台,贵州茅台关于以集中竞价交易方式回购公司股份的回购报告书,2024-12-28,http://www.cninfo.com.cn/new/disclosure/detail?stockCode=600519&announcementId=1222168019&orgId=gssh0600519&announcementTime=2024-12-28
600519,贵州茅台,贵州茅台关于回购股份事项通知债权人公告,2024-12-28,http://www.cninfo.com.cn/new/disclosure/detail?stockCode=600519&announcementId=1222168018&orgId=gssh0600519&announcementTime=2024-12-28
600519,贵州茅台,贵州茅台2024年中期权益分派实施公告,2024-12-14,http://www.cninfo.com.cn/new/disclosure/detail?stockCode=600519&announcementId=1222015210&orgId=gssh0600519&announcementTime=2024-12-14
600519,贵州茅台,贵州茅台关于召开2024年第三季度业绩说明会的公告,2024-12-13,http://www.cninfo.com.cn/new/disclosure/detail?stockCode=600519&announcementId=1222005984&orgId=gssh0600519&announcementTime=2024-12-13
600519,贵州茅台,贵州茅台2024年第一次临时股东大会决议公告,2024-11-28,http://www.cninfo.com.cn/new/disclosure/detail?stockCode=600519&announcementId=1221866455&orgId=gssh0600519&announcementTime=2024-11-28
600519,贵州茅台,北京市金杜律师事务所关于贵州茅台酒股份有限公司2024年第一次临时股东大会之法律意见书,2024-11-28,http://www.cninfo.com.cn/new/disclosure/detail?stockCode=600519&announcementId=1221866454&orgId=gssh0600519&announcementTime=2024-11-28
600519,贵州茅台,贵州茅台2024年第一次临时股东大会会议资料,2024-11-22,http://www.cninfo.com.cn/new/disclosure/detail?stockCode=600519&announcementId=1221804656&orgId=gssh0600519&announcementTime=2024-11-22
600519,贵州茅台,贵州茅台关于回购股份事项前十大股东及前十大无限售条件股东持股情况的公告,2024-11-22,http://www.cninfo.com.cn/new/disclosure/detail?stockCode=600519&announcementId=1221804421&orgId=gssh0600519&announcementTime=2024-11-22
600519,贵州茅台,贵州茅台第四届监事会2024年度第五次会议决议公告,2024-11-09,http://www.cninfo.com.cn/new/disclosure/detail?stockCode=600519&announcementId=1221661854&orgId=gssh0600519&announcementTime=2024-11-09
600519,贵州茅台,贵州茅台2024年中期利润分配方案公告,2024-11-09,http://www.cninfo.com.cn/new/disclosure/detail?stockCode=600519&announcementId=1221661853&orgId=gssh0600519&announcementTime=2024-11-09
600519,贵州茅台,贵州茅台关于召开2024年第一次临时股东大会的通知,2024-11-09,http://www.cninfo.com.cn/new/disclosure/detail?stockCode=600519&announcementId=1221661852&orgId=gssh0600519&announcementTime=2024-11-09
600519,贵州茅台,贵州茅台第四届董事会2024年度第十三次会议决议公告,2024-11-09,http://www.cninfo.com.cn/new/disclosure/detail?stockCode=600519&announcementId=1221661851&orgId=gssh0600519&announcementTime=2024-11-09
600519,贵州茅台,贵州茅台2024年第三季度主要经营数据公告,2024-10-26,http://www.cninfo.com.cn/new/disclosure/detail?stockCode=600519&announcementId=1221523520&orgId=gssh0600519&announcementTime=2024-10-26
600519,贵州茅台,贵州茅台2024年第三季度报告,2024-10-26,http://www.cninfo.com.cn/new/disclosure/detail?stockCode=600519&announcementId=1221523519&orgId=gssh0600519&announcementTime=2024-10-26
600519,贵州茅台,贵州茅台第四届监事会2024年度第四次会议决议公告,2024-10-26,http://www.cninfo.com.cn/new/disclosure/detail?stockCode=600519&announcementId=1221523518&orgId=gssh0600519&announcementTime=2024-10-26
600519,贵州茅台,贵州茅台第四届董事会2024年度第十二次会议决议公告,2024-10-26,http://www.cninfo.com.cn/new/disclosure/detail?stockCode=600519&announcementId=1221523517&orgId=gssh0600519&announcementTime=2024-10-26
600519,贵州茅台,贵州茅台关于职工董事选举结果的公告,2024-10-22,http://www.cninfo.com.cn/new/disclosure/detail?stockCode=600519&announcementId=1221450616&orgId=gssh0600519&announcementTime=2024-10-22
600519,贵州茅台,贵州茅台关于回购股份事项前十大股东及前十大无限售条件股东持股情况的公告,2024-09-27,http://www.cninfo.com.cn/new/disclosure/detail?stockCode=600519&announcementId=1221306524&orgId=gssh0600519&announcementTime=2024-09-27
600519,贵州茅台,贵州茅台关于以集中竞价交易方式回购公司股份方案的公告,2024-09-21,http://www.cninfo.com.cn/new/disclosure/detail?stockCode=600519&announcementId=1221258105&orgId=gssh0600519&announcementTime=2024-09-21
600519,贵州茅台,贵州茅台第四届董事会2024年度第十一次会议决议公告,2024-09-21,http://www.cninfo.com.cn/new/disclosure/detail?stockCode=600519&announcementId=1221258104&orgId=gssh0600519&announcementTime=2024-09-21
600519,贵州茅台,贵州茅台关于召开2024年半年度业绩说明会的公告,2024-09-03,http://www.cninfo.com.cn/new/disclosure/detail?stockCode=600519&announcementId=1221113147&orgId=gssh0600519&announcementTime=2024-09-03
600519,贵州茅台,贵州茅台第四届董事会2024年度第十次会议决议公告,2024-08-17,http://www.cninfo.com.cn/new/disclosure/detail?stockCode=600519&announcementId=1220893790&orgId=gssh0600519&announcementTime=2024-08-17
600519,贵州茅台,贵州茅台关于收到高级管理人员推荐文件的公告,2024-08-15,http://www.cninfo.com.cn/new/disclosure/detail?stockCode=600519&announcementId=1220872546&orgId=gssh0600519&announcementTime=2024-08-15
600519,贵州茅台,贵州茅台关于贵州茅台集团财务有限公司的风险评估报告,2024-08-09,http://www.cninfo.com.cn/new/disclosure/detail?stockCode=600519&announcementId=1220825194&orgId=gssh0600519&announcementTime=2024-08-09
600519,贵州茅台,贵州茅台2024年半年度报告摘要,2024-08-09,http://www.cninfo.com.cn/new/disclosure/detail?stockCode=600519&announcementId=1220825193&orgId=gssh0600519&announcementTime=2024-08-09
600519,贵州茅台,贵州茅台第四届董事会2024年度第九次会议决议公告,2024-08-09,http://www.cninfo.com.cn/new/disclosure/detail?stockCode=600519&announcementId=1220825192&orgId=gssh0600519&announcementTime=2024-08-09
600519,贵州茅台,贵州茅台关于2024－2026年度现金分红回报规划的公告,2024-08-09,http://www.cninfo.com.cn/new/disclosure/detail?stockCode=600519&announcementId=1220825191&orgId=gssh0600519&announcementTime=2024-08-09
600519,贵州茅台,贵州茅台第四届监事会2024年度第三次会议决议公告,2024-08-09,http://www.cninfo.com.cn/new/disclosure/detail?stockCode=600519&announcementId=1220825190&orgId=gssh0600519&announcementTime=2024-08-09
600519,贵州茅台,贵州茅台2024年半年度报告,2024-08-09,http://www.cninfo.com.cn/new/disclosure/detail?stockCode=600519&announcementId=1220825189&orgId=gssh0600519&announcementTime=2024-08-09
600519,贵州茅台,贵州茅台2023年年度权益分派实施公告,2024-06-12,http://www.cninfo.com.cn/new/disclosure/detail?stockCode=600519&announcementId=1220324741&orgId=gssh0600519&announcementTime=2024-06-12
600519,贵州茅台,贵州茅台2023年度股东大会决议公告,2024-05-30,http://www.cninfo.com.cn/new/disclosure/detail?stockCode=600519&announcementId=1220198267&orgId=gssh0600519&announcementTime=2024-05-30
600519,贵州茅台,北京市金杜律师事务所关于贵州茅台酒股份有限公司2023年度股东大会之法律意见书,2024-05-30,http://www.cninfo.com.cn/new/disclosure/detail?stockCode=600519&announcementId=1220198266&orgId=gssh0600519&announcementTime=2024-05-30
600519,贵州茅台,贵州茅台第四届董事会2024年度第六次会议决议公告,2024-05-30,http://www.cninfo.com.cn/new/disclosure/detail?stockCode=600519&announcementId=1220198265&orgId=gssh0600519&announcementTime=2024-05-30
600519,贵州茅台,贵州茅台关于调整2023年度股东大会现场会议召开地点的公告,2024-05-28,http://www.cninfo.com.cn/new/disclosure/detail?stockCode=600519&announcementId=1220174500&orgId=gssh0600519&announcementTime=2024-05-28
600519,贵州茅台,贵州茅台2023年度股东大会会议资料,2024-05-22,http://www.cninfo.com.cn/new/disclosure/detail?stockCode=600519&announcementId=1220122169&orgId=gssh0600519&announcementTime=2024-05-22
600519,贵州茅台,贵州茅台第四届董事会2024年度第五次会议决议公告,2024-05-09,http://www.cninfo.com.cn/new/disclosure/detail?stockCode=600519&announcementId=1220011569&orgId=gssh0600519&announcementTime=2024-05-09
600519,贵州茅台,贵州茅台关于召开2023年度股东大会的通知,2024-05-09,http://www.cninfo.com.cn/new/disclosure/detail?stockCode=600519&announcementId=1220011568&orgId=gssh0600519&announcementTime=2024-05-09
600519,贵州茅台, 贵州茅台关于董事长辞职的公告,2024-05-01,http://www.cninfo.com.cn/new/disclosure/detail?stockCode=600519&announcementId=1219958953&orgId=gssh0600519&announcementTime=2024-05-01
600519,贵州茅台,贵州茅台关于收到推荐董事长人选文件的公告,2024-04-30,http://www.cninfo.com.cn/new/disclosure/detail?stockCode=600519&announcementId=1219926376&orgId=gssh0600519&announcementTime=2024-04-30
600519,贵州茅台,贵州茅台第四届监事会2024年度第二次会议决议公告,2024-04-27,http://www.cninfo.com.cn/new/disclosure/detail?stockCode=600519&announcementId=1219875831&orgId=gssh0600519&announcementTime=2024-04-27
600519,贵州茅台,贵州茅台第四届董事会2024年度第四次会议决议公告,2024-04-27,http://www.cninfo.com.cn/new/disclosure/detail?stockCode=600519&announcementId=1219875830&orgId=gssh0600519&announcementTime=2024-04-27
600519,贵州茅台,贵州茅台关于召开2023年度及2024年第一季度业绩说明会的公告,2024-04-27,http://www.cninfo.com.cn/new/disclosure/detail?stockCode=600519&announcementId=1219875829&orgId=gssh0600519&announcementTime=2024-04-27
600519,贵州茅台,贵州茅台2024年第一季度报告,2024-04-27,http://www.cninfo.com.cn/new/disclosure/detail?stockCode=600519&announcementId=1219875828&orgId=gssh0600519&announcementTime=2024-04-27
600519,贵州茅台,贵州茅台关于贵州茅台集团财务有限公司日常关联交易的公告,2024-04-27,http://www.cninfo.com.cn/new/disclosure/detail?stockCode=600519&announcementId=1219875827&orgId=gssh0600519&announcementTime=2024-04-27
600519,贵州茅台,贵州茅台关于日常关联交易的公告,2024-04-03,http://www.cninfo.com.cn/new/disclosure/detail?stockCode=600519&announcementId=1219506513&orgId=gssh0600519&announcementTime=2024-04-03
600519,贵州茅台,贵州茅台关于贵州茅台集团财务有限公司的风险评估报告,2024-04-03,http://www.cninfo.com.cn/new/disclosure/detail?stockCode=600519&announcementId=1219506512&orgId=gssh0600519&announcementTime=2024-04-03
600519,贵州茅台,贵州茅台审计委员会对会计师事务所2023年度履职情况的评估报告,2024-04-03,http://www.cninfo.com.cn/new/disclosure/detail?stockCode=600519&announcementId=1219506511&orgId=gssh0600519&announcementTime=2024-04-03
600519,贵州茅台,贵州茅台2023年年度报告,2024-04-03,http://www.cninfo.com.cn/new/disclosure/detail?stockCode=600519&announcementId=1219506510&orgId=gssh0600519&announcementTime=2024-04-03
600519,贵州茅台,贵州茅台2023年度独立董事述职报告（王鑫）,2024-04-03,http://www.cninfo.com.cn/new/disclosure/detail?stockCode=600519&announcementId=1219506509&orgId=gssh0600519&announcementTime=2024-04-03
600519,贵州茅台,贵州茅台对会计师事务所2023年度履职情况的评估报告,2024-04-03,http://www.cninfo.com.cn/new/disclosure/detail?stockCode=600519&announcementId=1219506508&orgId=gssh0600519&announcementTime=2024-04-03
600519,贵州茅台,贵州茅台2023年环境、社会及治理（ESG）报告（英文版）,2024-04-03,http://www.cninfo.com.cn/new/disclosure/detail?stockCode=600519&announcementId=1219506507&orgId=gssh0600519&announcementTime=2024-04-03
600519,贵州茅台,贵州茅台：关于贵州茅台酒股份有限公司2023年度涉及财务公司关联交易的存款、贷款等金融业务的专项说明,2024-04-03,http://www.cninfo.com.cn/new/disclosure/detail?stockCode=600519&announcementId=1219506506&orgId=gssh0600519&announcementTime=2024-04-03
600519,贵州茅台,贵州茅台2023年度内部控制评价报告,2024-04-03,http://www.cninfo.com.cn/new/disclosure/detail?stockCode=600519&announcementId=1219506505&orgId=gssh0600519&announcementTime=2024-04-03
600519,贵州茅台,贵州茅台2023年年度报告摘要,2024-04-03,http://www.cninfo.com.cn/new/disclosure/detail?stockCode=600519&announcementId=1219506504&orgId=gssh0600519&announcementTime=2024-04-03
600519,贵州茅台,贵州茅台：关于贵州茅台酒股份有限公司控股股东及其他关联方资金占用情况的专项说明,2024-04-03,http://www.cninfo.com.cn/new/disclosure/detail?stockCode=600519&announcementId=1219506503&orgId=gssh0600519&announcementTime=2024-04-03
600519,贵州茅台,贵州茅台关于变更会计师事务所的公告,2024-04-03,http://www.cninfo.com.cn/new/disclosure/detail?stockCode=600519&announcementId=1219506502&orgId=gssh0600519&announcementTime=2024-04-03
600519,贵州茅台,贵州茅台2023年度独立董事述职报告（郭田勇）,2024-04-03,http://www.cninfo.com.cn/new/disclosure/detail?stockCode=600519&announcementId=1219506501&orgId=gssh0600519&announcementTime=2024-04-03
600519,贵州茅台,贵州茅台审计报告,2024-04-03,http://www.cninfo.com.cn/new/disclosure/detail?stockCode=600519&announcementId=1219506500&orgId=gssh0600519&announcementTime=2024-04-03
600519,贵州茅台,贵州茅台董事会关于独立董事独立性情况的专项意见,2024-04-03,http://www.cninfo.com.cn/new/disclosure/detail?stockCode=600519&announcementId=1219506499&orgId=gssh0600519&announcementTime=2024-04-03
600519,贵州茅台,贵州茅台2023年环境、社会及治理（ESG）报告,2024-04-03,http://www.cninfo.com.cn/new/disclosure/detail?stockCode=600519&announcementId=1219506498&orgId=gssh0600519&announcementTime=2024-04-03
600519,贵州茅台,贵州茅台2023年年度报告（英文版）,2024-04-03,http://www.cninfo.com.cn/new/disclosure/detail?stockCode=600519&announcementId=1219506497&orgId=gssh0600519&announcementTime=2024-04-03
600519,贵州茅台,贵州茅台2023年度利润分配方案公告,2024-04-03,http://www.cninfo.com.cn/new/disclosure/detail?stockCode=600519&announcementId=1219506496&orgId=gssh0600519&announcementTime=2024-04-03
600519,贵州茅台,贵州茅台内控审计报告,2024-04-03,http://www.cninfo.com.cn/new/disclosure/detail?stockCode=600519&announcementId=1219506495&orgId=gssh0600519&announcementTime=2024-04-03
600519,贵州茅台,贵州茅台2023年度独立董事述职报告（盛雷鸣）,2024-04-03,http://www.cninfo.com.cn/new/disclosure/detail?stockCode=600519&announcementId=1219506494&orgId=gssh0600519&announcementTime=2024-04-03
600519,贵州茅台, 贵州茅台第四届董事会2024年度第三次会议决议公告,2024-04-03,http://www.cninfo.com.cn/new/disclosure/detail?stockCode=600519&announcementId=1219506493&orgId=gssh0600519&announcementTime=2024-04-03
600519,贵州茅台,贵州茅台2023年度董事会审计委员会履职情况报告,2024-04-03,http://www.cninfo.com.cn/new/disclosure/detail?stockCode=600519&announcementId=1219506492&orgId=gssh0600519&announcementTime=2024-04-03
600519,贵州茅台,贵州茅台第四届监事会2024年度第一次会议决议公告,2024-04-03,http://www.cninfo.com.cn/new/disclosure/detail?stockCode=600519&announcementId=1219506491&orgId=gssh0600519&announcementTime=2024-04-03
