date,close_a,close_b,_merge
2024-01-02,1685.01,1685.01,both
2024-01-03,1694.0,1694.0,both
2024-01-04,1669.0,1669.0,both
2024-01-05,1663.36,1663.36,both
2024-01-08,1643.99,1643.99,both
2024-01-09,1641.0,1641.0,both
2024-01-10,1641.5,1641.5,both
2024-01-11,1646.57,1646.57,both
2024-01-12,1643.06,1643.06,both
2024-01-15,1640.0,1640.0,both
2024-01-16,1639.43,1639.43,both
2024-01-17,1577.0,1577.0,both
2024-01-18,1610.87,1610.87,both
2024-01-19,1635.0,1635.0,both
2024-01-22,1642.0,1642.0,both
2024-01-23,1619.0,1619.0,both
2024-01-24,1626.0,1626.0,both
2024-01-25,1638.0,1638.0,both
2024-01-26,1637.32,1637.32,both
2024-01-29,1650.0,1650.0,both
2024-01-30,1613.0,1613.0,both
2024-01-31,1604.91,1604.91,both
2024-02-01,1610.03,1610.03,both
2024-02-02,1596.0,1596.0,both
2024-02-05,1630.01,1630.01,both
2024-02-06,1676.0,1676.0,both
2024-02-07,1710.99,1710.99,both
2024-02-08,1706.0,1706.0,both
2024-02-19,1695.43,1695.43,both
2024-02-20,1670.0,1670.0,both
2024-02-21,1717.66,1717.66,both
2024-02-22,1718.38,1718.38,both
2024-02-23,1714.09,1714.09,both
2024-02-26,1694.98,1694.98,both
2024-02-27,1689.5,1689.5,both
2024-02-28,1681.55,1681.55,both
2024-02-29,1695.0,1695.0,both
2024-03-01,1685.06,1685.06,both
2024-03-04,1676.3,1676.3,both
2024-03-05,1695.1,1695.1,both
2024-03-06,1680.55,1680.55,both
2024-03-07,1683.63,1683.63,both
2024-03-08,1671.43,1671.43,both
2024-03-11,1694.49,1694.49,both
2024-03-12,1745.0,1745.0,both
2024-03-13,1727.45,1727.45,both
2024-03-14,1716.63,1716.63,both
2024-03-15,1717.49,1717.49,both
2024-03-18,1708.26,1708.26,both
2024-03-19,1708.02,1708.02,both
2024-03-20,1709.6,1709.6,both
2024-03-21,1709.0,1709.0,both
2024-03-22,1701.35,1701.35,both
2024-03-25,1689.01,1689.01,both
2024-03-26,1709.29,1709.29,both
2024-03-27,1701.0,1701.0,both
2024-03-28,1701.64,1701.64,both
2024-03-29,1702.9,1702.9,both
2024-04-01,1721.33,1721.33,both
2024-04-02,1713.99,1713.99,both
2024-04-03,1715.11,1715.11,both
2024-04-08,1666.66,1666.66,both
2024-04-09,1662.22,1662.22,both
2024-04-10,1647.98,1647.98,both
2024-04-11,1648.0,1648.0,both
2024-04-12,1634.03,1634.03,both
2024-04-15,1672.98,1672.98,both
2024-04-16,1670.0,1670.0,both
2024-04-17,1667.0,1667.0,both
2024-04-18,1670.78,1670.78,both
2024-04-19,1646.64,1646.64,both
2024-04-22,1675.06,1675.06,both
2024-04-23,1692.28,1692.28,both
2024-04-24,1693.6,1693.6,both
2024-04-25,1693.04,1693.04,both
2024-04-26,1709.43,1709.43,both
2024-04-29,1704.0,1704.0,both
2024-04-30,1705.0,1705.0,both
2024-05-06,1760.2,1760.2,both
2024-05-07,1770.0,1770.0,both
2024-05-08,1763.97,1763.97,both
2024-05-09,1756.0,1756.0,both
2024-05-10,1738.98,1738.98,both
2024-05-13,1706.0,1706.0,both
2024-05-14,1701.98,1701.98,both
2024-05-15,1700.0,1700.0,both
2024-05-16,1704.5,1704.5,both
2024-05-17,1715.0,1715.0,both
2024-05-20,1709.0,1709.0,both
2024-05-21,1705.0,1705.0,both
2024-05-22,1697.71,1697.71,both
2024-05-23,1692.01,1692.01,both
2024-05-24,1677.08,1677.08,both
2024-05-27,1670.12,1670.12,both
2024-05-28,1664.64,1664.64,both
2024-05-29,1674.0,1674.0,both
2024-05-30,1649.0,1649.0,both
2024-05-31,1648.45,1648.45,both
2024-06-03,1639.39,1639.39,both
2024-06-04,1653.2,1653.2,both
2024-06-05,1644.0,1644.0,both
2024-06-06,1639.81,1639.81,both
2024-06-07,1619.18,1619.18,both
2024-06-11,1569.0,1569.0,both
2024-06-12,1571.68,1571.68,both
2024-06-13,1555.01,1555.01,both
2024-06-14,1555.0,1555.0,both
2024-06-17,1541.5,1541.5,both
2024-06-18,1521.5,1521.5,both
2024-06-19,1501.0,1501.0,both
2024-06-20,1500.1,1500.1,both
2024-06-21,1471.0,1471.0,both
2024-06-24,1476.55,1476.55,both
2024-06-25,1486.65,1486.65,both
2024-06-26,1489.22,1489.22,both
2024-06-27,1490.49,1490.49,both
2024-06-28,1467.39,1467.39,both
2024-07-01,1440.38,1440.38,both
2024-07-02,1490.7,1490.7,both
2024-07-03,1500.0,1500.0,both
2024-07-04,1485.74,1485.74,both
2024-07-05,1453.0,1453.0,both
2024-07-08,1420.0,1420.0,both
2024-07-09,1438.03,1438.03,both
2024-07-10,1437.59,1437.59,both
2024-07-11,1462.09,1462.09,both
2024-07-12,1478.82,1478.82,both
2024-07-15,1474.9,1474.9,both
2024-07-16,1476.0,1476.0,both
2024-07-17,1501.4,1501.4,both
2024-07-18,1497.51,1497.51,both
2024-07-19,1525.62,1525.62,both
2024-07-22,1499.0,1499.0,both
2024-07-23,1455.0,1455.0,both
2024-07-24,1440.02,1440.02,both
2024-07-25,1430.49,1430.49,both
2024-07-26,1422.19,1422.19,both
2024-07-29,1398.02,1398.02,both
2024-07-30,1379.99,1379.99,both
2024-07-31,1421.28,1421.28,both
2024-08-01,1386.16,1386.16,both
2024-08-02,1385.45,1385.45,both
2024-08-05,1410.01,1410.01,both
2024-08-06,1404.7,1404.7,both
2024-08-07,1415.5,1415.5,both
2024-08-08,1430.69,1430.69,both
2024-08-09,1436.8,1436.8,both
2024-08-12,1436.1,1436.1,both
2024-08-13,1423.01,1423.01,both
2024-08-14,1413.3,1413.3,both
2024-08-15,1426.89,1426.89,both
2024-08-16,1431.2,1431.2,both
2024-08-19,1425.44,1425.44,both
2024-08-20,1422.72,1422.72,both
2024-08-21,1417.58,1417.58,both
2024-08-22,1410.05,1410.05,both
2024-08-23,1414.99,1414.99,both
2024-08-26,1412.0,1412.0,both
2024-08-27,1404.07,1404.07,both
2024-08-28,1389.0,1389.0,both
2024-08-29,1413.3,1413.3,both
2024-08-30,1443.19,1443.19,both
2024-09-02,1395.0,1395.0,both
2024-09-03,1410.0,1410.0,both
2024-09-04,1400.0,1400.0,both
2024-09-05,1404.88,1404.88,both
2024-09-06,1398.0,1398.0,both
2024-09-09,1375.0,1375.0,both
2024-09-10,1378.0,1378.0,both
2024-09-11,1380.0,1380.0,both
2024-09-12,1335.06,1335.06,both
2024-09-13,1304.13,1304.13,both
2024-09-18,1266.9,1266.9,both
2024-09-19,1261.0,1261.0,both
2024-09-20,1263.92,1263.92,both
2024-09-23,1261.54,1261.54,both
2024-09-24,1372.6,1372.6,both
2024-09-25,1399.0,1399.0,both
2024-09-26,1529.0,1529.0,both
2024-09-27,1629.2,1629.2,both
2024-09-30,1748.0,1748.0,both
2024-10-08,1723.0,1723.0,both
2024-10-09,1595.15,1595.15,both
2024-10-10,1640.0,1640.0,both
2024-10-11,1604.99,1604.99,both
2024-10-14,1601.99,1601.99,both
2024-10-15,1554.25,1554.25,both
2024-10-16,1522.5,1522.5,both
2024-10-17,1494.6,1494.6,both
2024-10-18,1541.0,1541.0,both
2024-10-21,1528.8,1528.8,both
2024-10-22,1543.0,1543.0,both
2024-10-23,1567.5,1567.5,both
2024-10-24,1552.2,1552.2,both
2024-10-25,1558.85,1558.85,both
2024-10-28,1565.0,1565.0,both
2024-10-29,1531.62,1531.62,both
2024-10-30,1532.0,1532.0,both
2024-10-31,1527.79,1527.79,both
2024-11-01,1533.75,1533.75,both
2024-11-04,1548.2,1548.2,both
2024-11-05,1576.99,1576.99,both
2024-11-06,1571.0,1571.0,both
2024-11-07,1649.14,1649.14,both
2024-11-08,1609.97,1609.97,both
2024-11-11,1598.01,1598.01,both
2024-11-12,1577.2,1577.2,both
2024-11-13,1578.5,1578.5,both
2024-11-14,1573.8,1573.8,both
2024-11-15,1559.0,1559.0,both
2024-11-18,1559.0,1559.0,both
2024-11-19,1541.92,1541.92,both
2024-11-20,1544.81,1544.81,both
2024-11-21,1545.13,1545.13,both
2024-11-22,1507.82,1507.82,both
2024-11-25,1498.57,1498.57,both
2024-11-26,1509.0,1509.0,both
2024-11-27,1519.05,1519.05,both
2024-11-28,1518.0,1518.0,both
2024-11-29,1525.74,1525.74,both
2024-12-02,1525.0,1525.0,both
2024-12-03,1526.74,1526.74,both
2024-12-04,1520.0,1520.0,both
2024-12-05,1511.0,1511.0,both
2024-12-06,1521.01,1521.01,both
2024-12-09,1518.8,1518.8,both
2024-12-10,1546.59,1546.59,both
2024-12-11,1535.6,1535.6,both
2024-12-12,1565.8,1565.8,both
2024-12-13,1519.0,1519.0,both
2024-12-16,1527.2,1527.2,both
2024-12-17,1558.0,1558.0,both
2024-12-18,1571.5,1571.5,both
2024-12-19,1551.01,1551.01,both
2024-12-20,1522.0,1522.0,both
2024-12-23,1526.45,1526.45,both
2024-12-24,1538.82,1538.82,both
2024-12-25,1530.0,1530.0,both
2024-12-26,1527.79,1527.79,both
2024-12-27,1528.97,1528.97,both
2024-12-30,1525.0,1525.0,both
2024-12-31,1524.0,1524.0,both
